<?xml version="1.0" encoding="UTF-8" standalone="yes"?>
<addon id="plugin.audio.jaroacjak-radia" name="Jarkoacjak Rádia" version="1.0.1" provider-name="Jarko">
    <requires>
        <import addon="xbmc.python" version="3.0.0"/>
    </requires>
    <extension point="xbmc.python.pluginsource" library="main.py">
        <provides>music</provides>
    </extension>
    <extension point="xbmc.addon.metadata">
        <summary lang="sk">Moje slovenské a české rádiá</summary>
        <description lang="sk">Jednoduchý prehrávač rádií pre Kodi od Jarka.</description>
        <platform>all</platform>
    </extension>
</addon>
